id,Name,email,password,phone,Location,Interest/expertise,Type,Achievements
Ananya Sharma,ananya.sharma@example.com,pass123,Mathematics,Student,Delhi,21
Rohit Verma,rohit.verma@example.com,pass456,Physics,Researcher,Bangalore,29
Priya Iyer,priya.iyer@example.com,pass789,Chemistry,Teacher,Mumbai,34
Aman Gupta,aman.gupta@example.com,pass321,Biology,Student,Chennai,22
Sneha Reddy,sneha.reddy@example.com,pass654,Computer Science,Student,Hyderabad,20
Nikhil Jain,nikhil.jain@example.com,pass987,Machine Learning,Researcher,Pune,28
Kavya Mehta,kavya.mehta@example.com,pass111,Artificial Intelligence,Teacher,Kolkata,35
Aditya Singh,aditya.singh@example.com,pass222,Robotics,Student,Delhi,23
Meera Nair,meera.nair@example.com,pass333,Data Science,Researcher,Bangalore,30
Ravi Kumar,ravi.kumar@example.com,pass444,Mathematics,Teacher,Chandigarh,40
Isha Patel,isha.patel@example.com,pass555,Astrophysics,Student,Ahmedabad,24
Arjun Das,arjun.das@example.com,pass666,Programming,Student,Kolkata,21
Divya Joshi,divya.joshi@example.com,pass777,Physics,Researcher,Mumbai,32
Siddharth Rao,siddharth.rao@example.com,pass888,Electronics,Student,Pune,22
Neha Kapoor,neha.kapoor@example.com,pass999,Coding,Student,Noida,20
Raj Malhotra,raj.malhotra@example.com,pass101,AI Ethics,Researcher,Hyderabad,31
Simran Kaur,simran.kaur@example.com,pass202,Educational Tech,Teacher,Bangalore,38
Yash Thakur,yash.thakur@example.com,pass303,Deep Learning,Student,Indore,23
Aarti Mishra,aarti.mishra@example.com,pass404,Online Learning,Teacher,Lucknow,36
Kabir Sinha,kabir.sinha@example.com,pass505,Cognitive Science,Researcher,Jaipur,33
22,Ananya Sharma,ananya.sharma@example.com,pass123,,Delhi,,,
23,Rohit Verma,rohit.verma@example.com,pass456,,Bangalore,,,
24,Priya Iyer,priya.iyer@example.com,pass789,,Mumbai,,,
25,Aman Gupta,aman.gupta@example.com,pass321,,Chennai,,,
26,Sneha Reddy,sneha.reddy@example.com,pass654,,Hyderabad,,,
27,Nikhil Jain,nikhil.jain@example.com,pass987,,Pune,,,
28,Kavya Mehta,kavya.mehta@example.com,pass111,,Kolkata,,,
29,Aditya Singh,aditya.singh@example.com,pass222,,Delhi,,,
30,Meera Nair,meera.nair@example.com,pass333,,Bangalore,,,
31,Ravi Kumar,ravi.kumar@example.com,pass444,,Chandigarh,,,
32,Isha Patel,isha.patel@example.com,pass555,,Ahmedabad,,,
33,Arjun Das,arjun.das@example.com,pass666,,Kolkata,,,
34,Divya Joshi,divya.joshi@example.com,pass777,,Mumbai,,,
35,Siddharth Rao,siddharth.rao@example.com,pass888,,Pune,,,
36,Neha Kapoor,neha.kapoor@example.com,pass999,,Noida,,,
37,Raj Malhotra,raj.malhotra@example.com,pass101,,Hyderabad,,,
38,Simran Kaur,simran.kaur@example.com,pass202,,Bangalore,,,
39,Yash Thakur,yash.thakur@example.com,pass303,,Indore,,,
40,Aarti Mishra,aarti.mishra@example.com,pass404,,Lucknow,,,
41,Kabir Sinha,kabir.sinha@example.com,pass505,,Jaipur,,,
42,,pass123,Mathematics,Student,,,,
43,,pass456,Physics,Researcher,,,,
44,,pass789,Chemistry,Teacher,,,,
45,,pass321,Biology,Student,,,,
46,,pass654,Computer Science,Student,,,,
47,,pass987,Machine Learning,Researcher,,,,
48,,pass111,Artificial Intelligence,Teacher,,,,
49,,pass222,Robotics,Student,,,,
50,,pass333,Data Science,Researcher,,,,
51,,pass444,Mathematics,Teacher,,,,
52,,pass555,Astrophysics,Student,,,,
53,,pass666,Programming,Student,,,,
54,,pass777,Physics,Researcher,,,,
55,,pass888,Electronics,Student,,,,
56,,pass999,Coding,Student,,,,
57,,pass101,AI Ethics,Researcher,,,,
58,,pass202,Educational Tech,Teacher,,,,
59,,pass303,Deep Learning,Student,,,,
60,,pass404,Online Learning,Teacher,,,,
61,,pass505,Cognitive Science,Researcher,,,,
62,,ananya.sharma@example.com,pass123,,,,,
63,,rohit.verma@example.com,pass456,,,,,
64,,priya.iyer@example.com,pass789,,,,,
65,,aman.gupta@example.com,pass321,,,,,
66,,sneha.reddy@example.com,pass654,,,,,
67,,nikhil.jain@example.com,pass987,,,,,
68,,kavya.mehta@example.com,pass111,,,,,
69,,aditya.singh@example.com,pass222,,,,,
70,,meera.nair@example.com,pass333,,,,,
71,,ravi.kumar@example.com,pass444,,,,,
72,,isha.patel@example.com,pass555,,,,,
73,,arjun.das@example.com,pass666,,,,,
74,,divya.joshi@example.com,pass777,,,,,
75,,siddharth.rao@example.com,pass888,,,,,
76,,neha.kapoor@example.com,pass999,,,,,
77,,raj.malhotra@example.com,pass101,,,,,
78,,simran.kaur@example.com,pass202,,,,,
79,,yash.thakur@example.com,pass303,,,,,
80,,aarti.mishra@example.com,pass404,,,,,
81,,kabir.sinha@example.com,pass505,,,,,
82,,pass123,Mathematics,Student,,,,
83,,pass456,Physics,Researcher,,,,
84,,pass789,Chemistry,Teacher,,,,
85,,pass321,Biology,Student,,,,
86,,pass654,Computer Science,Student,,,,
87,,pass987,Machine Learning,Researcher,,,,
88,,pass111,Artificial Intelligence,Teacher,,,,
89,,pass222,Robotics,Student,,,,
90,,pass333,Data Science,Researcher,,,,
91,,pass444,Mathematics,Teacher,,,,
92,,pass555,Astrophysics,Student,,,,
93,,pass666,Programming,Student,,,,
94,,pass777,Physics,Researcher,,,,
95,,pass888,Electronics,Student,,,,
96,,pass999,Coding,Student,,,,
97,,pass101,AI Ethics,Researcher,,,,
98,,pass202,Educational Tech,Teacher,,,,
99,,pass303,Deep Learning,Student,,,,
100,,pass404,Online Learning,Teacher,,,,
101,,pass505,Cognitive Science,Researcher,,,,
102,,ananya.sharma@example.com,pass123,,,,,
103,,rohit.verma@example.com,pass456,,,,,
104,,priya.iyer@example.com,pass789,,,,,
105,,aman.gupta@example.com,pass321,,,,,
106,,sneha.reddy@example.com,pass654,,,,,
107,,nikhil.jain@example.com,pass987,,,,,
108,,kavya.mehta@example.com,pass111,,,,,
109,,aditya.singh@example.com,pass222,,,,,
110,,meera.nair@example.com,pass333,,,,,
111,,ravi.kumar@example.com,pass444,,,,,
112,,isha.patel@example.com,pass555,,,,,
113,,arjun.das@example.com,pass666,,,,,
114,,divya.joshi@example.com,pass777,,,,,
115,,siddharth.rao@example.com,pass888,,,,,
116,,neha.kapoor@example.com,pass999,,,,,
117,,raj.malhotra@example.com,pass101,,,,,
118,,simran.kaur@example.com,pass202,,,,,
119,,yash.thakur@example.com,pass303,,,,,
120,,aarti.mishra@example.com,pass404,,,,,
121,,kabir.sinha@example.com,pass505,,,,,
122,,pass123,Mathematics,Student,,,,
123,,pass456,Physics,Researcher,,,,
124,,pass789,Chemistry,Teacher,,,,
125,,pass321,Biology,Student,,,,
126,,pass654,Computer Science,Student,,,,
127,,pass987,Machine Learning,Researcher,,,,
128,,pass111,Artificial Intelligence,Teacher,,,,
129,,pass222,Robotics,Student,,,,
130,,pass333,Data Science,Researcher,,,,
131,,pass444,Mathematics,Teacher,,,,
132,,pass555,Astrophysics,Student,,,,
133,,pass666,Programming,Student,,,,
134,,pass777,Physics,Researcher,,,,
135,,pass888,Electronics,Student,,,,
136,,pass999,Coding,Student,,,,
137,,pass101,AI Ethics,Researcher,,,,
138,,pass202,Educational Tech,Teacher,,,,
139,,pass303,Deep Learning,Student,,,,
140,,pass404,Online Learning,Teacher,,,,
141,,pass505,Cognitive Science,Researcher,,,,
142,,ananya.sharma@example.com,pass123,,,,,
143,,rohit.verma@example.com,pass456,,,,,
144,,priya.iyer@example.com,pass789,,,,,
145,,aman.gupta@example.com,pass321,,,,,
146,,sneha.reddy@example.com,pass654,,,,,
147,,nikhil.jain@example.com,pass987,,,,,
148,,kavya.mehta@example.com,pass111,,,,,
149,,aditya.singh@example.com,pass222,,,,,
150,,meera.nair@example.com,pass333,,,,,
151,,ravi.kumar@example.com,pass444,,,,,
152,,isha.patel@example.com,pass555,,,,,
153,,arjun.das@example.com,pass666,,,,,
154,,divya.joshi@example.com,pass777,,,,,
155,,siddharth.rao@example.com,pass888,,,,,
156,,neha.kapoor@example.com,pass999,,,,,
157,,raj.malhotra@example.com,pass101,,,,,
158,,simran.kaur@example.com,pass202,,,,,
159,,yash.thakur@example.com,pass303,,,,,
160,,aarti.mishra@example.com,pass404,,,,,
161,,kabir.sinha@example.com,pass505,,,,,
162,,pass123,Mathematics,Student,,,,
163,,pass456,Physics,Researcher,,,,
164,,pass789,Chemistry,Teacher,,,,
165,,pass321,Biology,Student,,,,
166,,pass654,Computer Science,Student,,,,
167,,pass987,Machine Learning,Researcher,,,,
168,,pass111,Artificial Intelligence,Teacher,,,,
169,,pass222,Robotics,Student,,,,
170,,pass333,Data Science,Researcher,,,,
171,,pass444,Mathematics,Teacher,,,,
172,,pass555,Astrophysics,Student,,,,
173,,pass666,Programming,Student,,,,
174,,pass777,Physics,Researcher,,,,
175,,pass888,Electronics,Student,,,,
176,,pass999,Coding,Student,,,,
177,,pass101,AI Ethics,Researcher,,,,
178,,pass202,Educational Tech,Teacher,,,,
179,,pass303,Deep Learning,Student,,,,
180,,pass404,Online Learning,Teacher,,,,
181,,pass505,Cognitive Science,Researcher,,,,
182,,ananya.sharma@example.com,pass123,,,,,
183,,rohit.verma@example.com,pass456,,,,,
184,,priya.iyer@example.com,pass789,,,,,
185,,aman.gupta@example.com,pass321,,,,,
186,,sneha.reddy@example.com,pass654,,,,,
187,,nikhil.jain@example.com,pass987,,,,,
188,,kavya.mehta@example.com,pass111,,,,,
189,,aditya.singh@example.com,pass222,,,,,
190,,meera.nair@example.com,pass333,,,,,
191,,ravi.kumar@example.com,pass444,,,,,
192,,isha.patel@example.com,pass555,,,,,
193,,arjun.das@example.com,pass666,,,,,
194,,divya.joshi@example.com,pass777,,,,,
195,,siddharth.rao@example.com,pass888,,,,,
196,,neha.kapoor@example.com,pass999,,,,,
197,,raj.malhotra@example.com,pass101,,,,,
198,,simran.kaur@example.com,pass202,,,,,
199,,yash.thakur@example.com,pass303,,,,,
200,,aarti.mishra@example.com,pass404,,,,,
201,,kabir.sinha@example.com,pass505,,,,,
202,,pass123,Mathematics,Student,,,,
203,,pass456,Physics,Researcher,,,,
204,,pass789,Chemistry,Teacher,,,,
205,,pass321,Biology,Student,,,,
206,,pass654,Computer Science,Student,,,,
207,,pass987,Machine Learning,Researcher,,,,
208,,pass111,Artificial Intelligence,Teacher,,,,
209,,pass222,Robotics,Student,,,,
210,,pass333,Data Science,Researcher,,,,
211,,pass444,Mathematics,Teacher,,,,
212,,pass555,Astrophysics,Student,,,,
213,,pass666,Programming,Student,,,,
214,,pass777,Physics,Researcher,,,,
215,,pass888,Electronics,Student,,,,
216,,pass999,Coding,Student,,,,
217,,pass101,AI Ethics,Researcher,,,,
218,,pass202,Educational Tech,Teacher,,,,
219,,pass303,Deep Learning,Student,,,,
220,,pass404,Online Learning,Teacher,,,,
221,,pass505,Cognitive Science,Researcher,,,,
222,,ananya.sharma@example.com,pass123,,,,,
223,,rohit.verma@example.com,pass456,,,,,
224,,priya.iyer@example.com,pass789,,,,,
225,,aman.gupta@example.com,pass321,,,,,
226,,sneha.reddy@example.com,pass654,,,,,
227,,nikhil.jain@example.com,pass987,,,,,
228,,kavya.mehta@example.com,pass111,,,,,
229,,aditya.singh@example.com,pass222,,,,,
230,,meera.nair@example.com,pass333,,,,,
231,,ravi.kumar@example.com,pass444,,,,,
232,,isha.patel@example.com,pass555,,,,,
233,,arjun.das@example.com,pass666,,,,,
234,,divya.joshi@example.com,pass777,,,,,
235,,siddharth.rao@example.com,pass888,,,,,
236,,neha.kapoor@example.com,pass999,,,,,
237,,raj.malhotra@example.com,pass101,,,,,
238,,simran.kaur@example.com,pass202,,,,,
239,,yash.thakur@example.com,pass303,,,,,
240,,aarti.mishra@example.com,pass404,,,,,
241,,kabir.sinha@example.com,pass505,,,,,
242,,pass123,Mathematics,Student,,,,
243,,pass456,Physics,Researcher,,,,
244,,pass789,Chemistry,Teacher,,,,
245,,pass321,Biology,Student,,,,
246,,pass654,Computer Science,Student,,,,
247,,pass987,Machine Learning,Researcher,,,,
248,,pass111,Artificial Intelligence,Teacher,,,,
249,,pass222,Robotics,Student,,,,
250,,pass333,Data Science,Researcher,,,,
251,,pass444,Mathematics,Teacher,,,,
252,,pass555,Astrophysics,Student,,,,
253,,pass666,Programming,Student,,,,
254,,pass777,Physics,Researcher,,,,
255,,pass888,Electronics,Student,,,,
256,,pass999,Coding,Student,,,,
257,,pass101,AI Ethics,Researcher,,,,
258,,pass202,Educational Tech,Teacher,,,,
259,,pass303,Deep Learning,Student,,,,
260,,pass404,Online Learning,Teacher,,,,
261,,pass505,Cognitive Science,Researcher,,,,
262,,ananya.sharma@example.com,pass123,,,,,
263,,rohit.verma@example.com,pass456,,,,,
264,,priya.iyer@example.com,pass789,,,,,
265,,aman.gupta@example.com,pass321,,,,,
266,,sneha.reddy@example.com,pass654,,,,,
267,,nikhil.jain@example.com,pass987,,,,,
268,,kavya.mehta@example.com,pass111,,,,,
269,,aditya.singh@example.com,pass222,,,,,
270,,meera.nair@example.com,pass333,,,,,
271,,ravi.kumar@example.com,pass444,,,,,
272,,isha.patel@example.com,pass555,,,,,
273,,arjun.das@example.com,pass666,,,,,
274,,divya.joshi@example.com,pass777,,,,,
275,,siddharth.rao@example.com,pass888,,,,,
276,,neha.kapoor@example.com,pass999,,,,,
277,,raj.malhotra@example.com,pass101,,,,,
278,,simran.kaur@example.com,pass202,,,,,
279,,yash.thakur@example.com,pass303,,,,,
280,,aarti.mishra@example.com,pass404,,,,,
281,,kabir.sinha@example.com,pass505,,,,,
282,,pass123,Mathematics,Student,,,,
283,,pass456,Physics,Researcher,,,,
284,,pass789,Chemistry,Teacher,,,,
285,,pass321,Biology,Student,,,,
286,,pass654,Computer Science,Student,,,,
287,,pass987,Machine Learning,Researcher,,,,
288,,pass111,Artificial Intelligence,Teacher,,,,
289,,pass222,Robotics,Student,,,,
290,,pass333,Data Science,Researcher,,,,
291,,pass444,Mathematics,Teacher,,,,
292,,pass555,Astrophysics,Student,,,,
293,,pass666,Programming,Student,,,,
294,,pass777,Physics,Researcher,,,,
295,,pass888,Electronics,Student,,,,
296,,pass999,Coding,Student,,,,
297,,pass101,AI Ethics,Researcher,,,,
298,,pass202,Educational Tech,Teacher,,,,
299,,pass303,Deep Learning,Student,,,,
300,,pass404,Online Learning,Teacher,,,,
301,,pass505,Cognitive Science,Researcher,,,,
302,,ananya.sharma@example.com,pass123,,,,,
303,,rohit.verma@example.com,pass456,,,,,
304,,priya.iyer@example.com,pass789,,,,,
305,,aman.gupta@example.com,pass321,,,,,
306,,sneha.reddy@example.com,pass654,,,,,
307,,nikhil.jain@example.com,pass987,,,,,
308,,kavya.mehta@example.com,pass111,,,,,
309,,aditya.singh@example.com,pass222,,,,,
310,,meera.nair@example.com,pass333,,,,,
311,,ravi.kumar@example.com,pass444,,,,,
312,,isha.patel@example.com,pass555,,,,,
313,,arjun.das@example.com,pass666,,,,,
314,,divya.joshi@example.com,pass777,,,,,
315,,siddharth.rao@example.com,pass888,,,,,
316,,neha.kapoor@example.com,pass999,,,,,
317,,raj.malhotra@example.com,pass101,,,,,
318,,simran.kaur@example.com,pass202,,,,,
319,,yash.thakur@example.com,pass303,,,,,
320,,aarti.mishra@example.com,pass404,,,,,
321,,kabir.sinha@example.com,pass505,,,,,
322,,pass123,Mathematics,Student,,,,
323,,pass456,Physics,Researcher,,,,
324,,pass789,Chemistry,Teacher,,,,
325,,pass321,Biology,Student,,,,
326,,pass654,Computer Science,Student,,,,
327,,pass987,Machine Learning,Researcher,,,,
328,,pass111,Artificial Intelligence,Teacher,,,,
329,,pass222,Robotics,Student,,,,
330,,pass333,Data Science,Researcher,,,,
331,,pass444,Mathematics,Teacher,,,,
332,,pass555,Astrophysics,Student,,,,
333,,pass666,Programming,Student,,,,
334,,pass777,Physics,Researcher,,,,
335,,pass888,Electronics,Student,,,,
336,,pass999,Coding,Student,,,,
337,,pass101,AI Ethics,Researcher,,,,
338,,pass202,Educational Tech,Teacher,,,,
339,,pass303,Deep Learning,Student,,,,
340,,pass404,Online Learning,Teacher,,,,
341,,pass505,Cognitive Science,Researcher,,,,
342,,ananya.sharma@example.com,pass123,,,,,
343,,rohit.verma@example.com,pass456,,,,,
344,,priya.iyer@example.com,pass789,,,,,
345,,aman.gupta@example.com,pass321,,,,,
346,,sneha.reddy@example.com,pass654,,,,,
347,,nikhil.jain@example.com,pass987,,,,,
348,,kavya.mehta@example.com,pass111,,,,,
349,,aditya.singh@example.com,pass222,,,,,
350,,meera.nair@example.com,pass333,,,,,
351,,ravi.kumar@example.com,pass444,,,,,
352,,isha.patel@example.com,pass555,,,,,
353,,arjun.das@example.com,pass666,,,,,
354,,divya.joshi@example.com,pass777,,,,,
355,,siddharth.rao@example.com,pass888,,,,,
356,,neha.kapoor@example.com,pass999,,,,,
357,,raj.malhotra@example.com,pass101,,,,,
358,,simran.kaur@example.com,pass202,,,,,
359,,yash.thakur@example.com,pass303,,,,,
360,,aarti.mishra@example.com,pass404,,,,,
361,,kabir.sinha@example.com,pass505,,,,,
362,,pass123,Mathematics,Student,,,,
363,,pass456,Physics,Researcher,,,,
364,,pass789,Chemistry,Teacher,,,,
365,,pass321,Biology,Student,,,,
366,,pass654,Computer Science,Student,,,,
367,,pass987,Machine Learning,Researcher,,,,
368,,pass111,Artificial Intelligence,Teacher,,,,
369,,pass222,Robotics,Student,,,,
370,,pass333,Data Science,Researcher,,,,
371,,pass444,Mathematics,Teacher,,,,
372,,pass555,Astrophysics,Student,,,,
373,,pass666,Programming,Student,,,,
374,,pass777,Physics,Researcher,,,,
375,,pass888,Electronics,Student,,,,
376,,pass999,Coding,Student,,,,
377,,pass101,AI Ethics,Researcher,,,,
378,,pass202,Educational Tech,Teacher,,,,
379,,pass303,Deep Learning,Student,,,,
380,,pass404,Online Learning,Teacher,,,,
381,,pass505,Cognitive Science,Researcher,,,,
382,,ananya.sharma@example.com,pass123,,,,,
383,,rohit.verma@example.com,pass456,,,,,
384,,priya.iyer@example.com,pass789,,,,,
385,,aman.gupta@example.com,pass321,,,,,
386,,sneha.reddy@example.com,pass654,,,,,
387,,nikhil.jain@example.com,pass987,,,,,
388,,kavya.mehta@example.com,pass111,,,,,
389,,aditya.singh@example.com,pass222,,,,,
390,,meera.nair@example.com,pass333,,,,,
391,,ravi.kumar@example.com,pass444,,,,,
392,,isha.patel@example.com,pass555,,,,,
393,,arjun.das@example.com,pass666,,,,,
394,,divya.joshi@example.com,pass777,,,,,
395,,siddharth.rao@example.com,pass888,,,,,
396,,neha.kapoor@example.com,pass999,,,,,
397,,raj.malhotra@example.com,pass101,,,,,
398,,simran.kaur@example.com,pass202,,,,,
399,,yash.thakur@example.com,pass303,,,,,
400,,aarti.mishra@example.com,pass404,,,,,
401,,kabir.sinha@example.com,pass505,,,,,
402,,pass123,Mathematics,Student,,,,
403,,pass456,Physics,Researcher,,,,
404,,pass789,Chemistry,Teacher,,,,
405,,pass321,Biology,Student,,,,
406,,pass654,Computer Science,Student,,,,
407,,pass987,Machine Learning,Researcher,,,,
408,,pass111,Artificial Intelligence,Teacher,,,,
409,,pass222,Robotics,Student,,,,
410,,pass333,Data Science,Researcher,,,,
411,,pass444,Mathematics,Teacher,,,,
412,,pass555,Astrophysics,Student,,,,
413,,pass666,Programming,Student,,,,
414,,pass777,Physics,Researcher,,,,
415,,pass888,Electronics,Student,,,,
416,,pass999,Coding,Student,,,,
417,,pass101,AI Ethics,Researcher,,,,
418,,pass202,Educational Tech,Teacher,,,,
419,,pass303,Deep Learning,Student,,,,
420,,pass404,Online Learning,Teacher,,,,
421,,pass505,Cognitive Science,Researcher,,,,
422,,ananya.sharma@example.com,pass123,,,,,
423,,rohit.verma@example.com,pass456,,,,,
424,,priya.iyer@example.com,pass789,,,,,
425,,aman.gupta@example.com,pass321,,,,,
426,,sneha.reddy@example.com,pass654,,,,,
427,,nikhil.jain@example.com,pass987,,,,,
428,,kavya.mehta@example.com,pass111,,,,,
429,,aditya.singh@example.com,pass222,,,,,
430,,meera.nair@example.com,pass333,,,,,
431,,ravi.kumar@example.com,pass444,,,,,
432,,isha.patel@example.com,pass555,,,,,
433,,arjun.das@example.com,pass666,,,,,
434,,divya.joshi@example.com,pass777,,,,,
435,,siddharth.rao@example.com,pass888,,,,,
436,,neha.kapoor@example.com,pass999,,,,,
437,,raj.malhotra@example.com,pass101,,,,,
438,,simran.kaur@example.com,pass202,,,,,
439,,yash.thakur@example.com,pass303,,,,,
440,,aarti.mishra@example.com,pass404,,,,,
441,,kabir.sinha@example.com,pass505,,,,,
442,,pass123,Mathematics,Student,,,,
443,,pass456,Physics,Researcher,,,,
444,,pass789,Chemistry,Teacher,,,,
445,,pass321,Biology,Student,,,,
446,,pass654,Computer Science,Student,,,,
447,,pass987,Machine Learning,Researcher,,,,
448,,pass111,Artificial Intelligence,Teacher,,,,
449,,pass222,Robotics,Student,,,,
450,,pass333,Data Science,Researcher,,,,
451,,pass444,Mathematics,Teacher,,,,
452,,pass555,Astrophysics,Student,,,,
453,,pass666,Programming,Student,,,,
454,,pass777,Physics,Researcher,,,,
455,,pass888,Electronics,Student,,,,
456,,pass999,Coding,Student,,,,
457,,pass101,AI Ethics,Researcher,,,,
458,,pass202,Educational Tech,Teacher,,,,
459,,pass303,Deep Learning,Student,,,,
460,,pass404,Online Learning,Teacher,,,,
461,,pass505,Cognitive Science,Researcher,,,,
462,,ananya.sharma@example.com,pass123,,,,,
463,,rohit.verma@example.com,pass456,,,,,
464,,priya.iyer@example.com,pass789,,,,,
465,,aman.gupta@example.com,pass321,,,,,
466,,sneha.reddy@example.com,pass654,,,,,
467,,nikhil.jain@example.com,pass987,,,,,
468,,kavya.mehta@example.com,pass111,,,,,
469,,aditya.singh@example.com,pass222,,,,,
470,,meera.nair@example.com,pass333,,,,,
471,,ravi.kumar@example.com,pass444,,,,,
472,,isha.patel@example.com,pass555,,,,,
473,,arjun.das@example.com,pass666,,,,,
474,,divya.joshi@example.com,pass777,,,,,
475,,siddharth.rao@example.com,pass888,,,,,
476,,neha.kapoor@example.com,pass999,,,,,
477,,raj.malhotra@example.com,pass101,,,,,
478,,simran.kaur@example.com,pass202,,,,,
479,,yash.thakur@example.com,pass303,,,,,
480,,aarti.mishra@example.com,pass404,,,,,
481,,kabir.sinha@example.com,pass505,,,,,
482,,pass123,Mathematics,Student,,,,
483,,pass456,Physics,Researcher,,,,
484,,pass789,Chemistry,Teacher,,,,
485,,pass321,Biology,Student,,,,
486,,pass654,Computer Science,Student,,,,
487,,pass987,Machine Learning,Researcher,,,,
488,,pass111,Artificial Intelligence,Teacher,,,,
489,,pass222,Robotics,Student,,,,
490,,pass333,Data Science,Researcher,,,,
491,,pass444,Mathematics,Teacher,,,,
492,,pass555,Astrophysics,Student,,,,
493,,pass666,Programming,Student,,,,
494,,pass777,Physics,Researcher,,,,
495,,pass888,Electronics,Student,,,,
496,,pass999,Coding,Student,,,,
497,,pass101,AI Ethics,Researcher,,,,
498,,pass202,Educational Tech,Teacher,,,,
499,,pass303,Deep Learning,Student,,,,
500,,pass404,Online Learning,Teacher,,,,
501,,pass505,Cognitive Science,Researcher,,,,
502,,ananya.sharma@example.com,pass123,,,,,
503,,rohit.verma@example.com,pass456,,,,,
504,,priya.iyer@example.com,pass789,,,,,
505,,aman.gupta@example.com,pass321,,,,,
506,,sneha.reddy@example.com,pass654,,,,,
507,,nikhil.jain@example.com,pass987,,,,,
508,,kavya.mehta@example.com,pass111,,,,,
509,,aditya.singh@example.com,pass222,,,,,
510,,meera.nair@example.com,pass333,,,,,
511,,ravi.kumar@example.com,pass444,,,,,
512,,isha.patel@example.com,pass555,,,,,
513,,arjun.das@example.com,pass666,,,,,
514,,divya.joshi@example.com,pass777,,,,,
515,,siddharth.rao@example.com,pass888,,,,,
516,,neha.kapoor@example.com,pass999,,,,,
517,,raj.malhotra@example.com,pass101,,,,,
518,,simran.kaur@example.com,pass202,,,,,
519,,yash.thakur@example.com,pass303,,,,,
520,,aarti.mishra@example.com,pass404,,,,,
521,,kabir.sinha@example.com,pass505,,,,,
522,,pass123,Mathematics,Student,,,,
523,,pass456,Physics,Researcher,,,,
524,,pass789,Chemistry,Teacher,,,,
525,,pass321,Biology,Student,,,,
526,,pass654,Computer Science,Student,,,,
527,,pass987,Machine Learning,Researcher,,,,
528,,pass111,Artificial Intelligence,Teacher,,,,
529,,pass222,Robotics,Student,,,,
530,,pass333,Data Science,Researcher,,,,
531,,pass444,Mathematics,Teacher,,,,
532,,pass555,Astrophysics,Student,,,,
533,,pass666,Programming,Student,,,,
534,,pass777,Physics,Researcher,,,,
535,,pass888,Electronics,Student,,,,
536,,pass999,Coding,Student,,,,
537,,pass101,AI Ethics,Researcher,,,,
538,,pass202,Educational Tech,Teacher,,,,
539,,pass303,Deep Learning,Student,,,,
540,,pass404,Online Learning,Teacher,,,,
541,,pass505,Cognitive Science,Researcher,,,,
542,,ananya.sharma@example.com,pass123,,,,,
543,,rohit.verma@example.com,pass456,,,,,
544,,priya.iyer@example.com,pass789,,,,,
545,,aman.gupta@example.com,pass321,,,,,
546,,sneha.reddy@example.com,pass654,,,,,
547,,nikhil.jain@example.com,pass987,,,,,
548,,kavya.mehta@example.com,pass111,,,,,
549,,aditya.singh@example.com,pass222,,,,,
550,,meera.nair@example.com,pass333,,,,,
551,,ravi.kumar@example.com,pass444,,,,,
552,,isha.patel@example.com,pass555,,,,,
553,,arjun.das@example.com,pass666,,,,,
554,,divya.joshi@example.com,pass777,,,,,
555,,siddharth.rao@example.com,pass888,,,,,
556,,neha.kapoor@example.com,pass999,,,,,
557,,raj.malhotra@example.com,pass101,,,,,
558,,simran.kaur@example.com,pass202,,,,,
559,,yash.thakur@example.com,pass303,,,,,
560,,aarti.mishra@example.com,pass404,,,,,
561,,kabir.sinha@example.com,pass505,,,,,
562,,pass123,Mathematics,Student,,,,
563,,pass456,Physics,Researcher,,,,
564,,pass789,Chemistry,Teacher,,,,
565,,pass321,Biology,Student,,,,
566,,pass654,Computer Science,Student,,,,
567,,pass987,Machine Learning,Researcher,,,,
568,,pass111,Artificial Intelligence,Teacher,,,,
569,,pass222,Robotics,Student,,,,
570,,pass333,Data Science,Researcher,,,,
571,,pass444,Mathematics,Teacher,,,,
572,,pass555,Astrophysics,Student,,,,
573,,pass666,Programming,Student,,,,
574,,pass777,Physics,Researcher,,,,
575,,pass888,Electronics,Student,,,,
576,,pass999,Coding,Student,,,,
577,,pass101,AI Ethics,Researcher,,,,
578,,pass202,Educational Tech,Teacher,,,,
579,,pass303,Deep Learning,Student,,,,
580,,pass404,Online Learning,Teacher,,,,
581,,pass505,Cognitive Science,Researcher,,,,
582,,ananya.sharma@example.com,pass123,,,,,
583,,rohit.verma@example.com,pass456,,,,,
584,,priya.iyer@example.com,pass789,,,,,
585,,aman.gupta@example.com,pass321,,,,,
586,,sneha.reddy@example.com,pass654,,,,,
587,,nikhil.jain@example.com,pass987,,,,,
588,,kavya.mehta@example.com,pass111,,,,,
589,,aditya.singh@example.com,pass222,,,,,
590,,meera.nair@example.com,pass333,,,,,
591,,ravi.kumar@example.com,pass444,,,,,
592,,isha.patel@example.com,pass555,,,,,
593,,arjun.das@example.com,pass666,,,,,
594,,divya.joshi@example.com,pass777,,,,,
595,,siddharth.rao@example.com,pass888,,,,,
596,,neha.kapoor@example.com,pass999,,,,,
597,,raj.malhotra@example.com,pass101,,,,,
598,,simran.kaur@example.com,pass202,,,,,
599,,yash.thakur@example.com,pass303,,,,,
600,,aarti.mishra@example.com,pass404,,,,,
601,,kabir.sinha@example.com,pass505,,,,,
602,,pass123,Mathematics,Student,,,,
603,,pass456,Physics,Researcher,,,,
604,,pass789,Chemistry,Teacher,,,,
605,,pass321,Biology,Student,,,,
606,,pass654,Computer Science,Student,,,,
607,,pass987,Machine Learning,Researcher,,,,
608,,pass111,Artificial Intelligence,Teacher,,,,
609,,pass222,Robotics,Student,,,,
610,,pass333,Data Science,Researcher,,,,
611,,pass444,Mathematics,Teacher,,,,
612,,pass555,Astrophysics,Student,,,,
613,,pass666,Programming,Student,,,,
614,,pass777,Physics,Researcher,,,,
615,,pass888,Electronics,Student,,,,
616,,pass999,Coding,Student,,,,
617,,pass101,AI Ethics,Researcher,,,,
618,,pass202,Educational Tech,Teacher,,,,
619,,pass303,Deep Learning,Student,,,,
620,,pass404,Online Learning,Teacher,,,,
621,,pass505,Cognitive Science,Researcher,,,,
622,,ananya.sharma@example.com,pass123,,,,,
623,,rohit.verma@example.com,pass456,,,,,
624,,priya.iyer@example.com,pass789,,,,,
625,,aman.gupta@example.com,pass321,,,,,
626,,sneha.reddy@example.com,pass654,,,,,
627,,nikhil.jain@example.com,pass987,,,,,
628,,kavya.mehta@example.com,pass111,,,,,
629,,aditya.singh@example.com,pass222,,,,,
630,,meera.nair@example.com,pass333,,,,,
631,,ravi.kumar@example.com,pass444,,,,,
632,,isha.patel@example.com,pass555,,,,,
633,,arjun.das@example.com,pass666,,,,,
634,,divya.joshi@example.com,pass777,,,,,
635,,siddharth.rao@example.com,pass888,,,,,
636,,neha.kapoor@example.com,pass999,,,,,
637,,raj.malhotra@example.com,pass101,,,,,
638,,simran.kaur@example.com,pass202,,,,,
639,,yash.thakur@example.com,pass303,,,,,
640,,aarti.mishra@example.com,pass404,,,,,
641,,kabir.sinha@example.com,pass505,,,,,
642,,pass123,Mathematics,Student,,,,
643,,pass456,Physics,Researcher,,,,
644,,pass789,Chemistry,Teacher,,,,
645,,pass321,Biology,Student,,,,
646,,pass654,Computer Science,Student,,,,
647,,pass987,Machine Learning,Researcher,,,,
648,,pass111,Artificial Intelligence,Teacher,,,,
649,,pass222,Robotics,Student,,,,
650,,pass333,Data Science,Researcher,,,,
651,,pass444,Mathematics,Teacher,,,,
652,,pass555,Astrophysics,Student,,,,
653,,pass666,Programming,Student,,,,
654,,pass777,Physics,Researcher,,,,
655,,pass888,Electronics,Student,,,,
656,,pass999,Coding,Student,,,,
657,,pass101,AI Ethics,Researcher,,,,
658,,pass202,Educational Tech,Teacher,,,,
659,,pass303,Deep Learning,Student,,,,
660,,pass404,Online Learning,Teacher,,,,
661,,pass505,Cognitive Science,Researcher,,,,
662,,ananya.sharma@example.com,pass123,,,,,
663,,rohit.verma@example.com,pass456,,,,,
664,,priya.iyer@example.com,pass789,,,,,
665,,aman.gupta@example.com,pass321,,,,,
666,,sneha.reddy@example.com,pass654,,,,,
667,,nikhil.jain@example.com,pass987,,,,,
668,,kavya.mehta@example.com,pass111,,,,,
669,,aditya.singh@example.com,pass222,,,,,
670,,meera.nair@example.com,pass333,,,,,
671,,ravi.kumar@example.com,pass444,,,,,
672,,isha.patel@example.com,pass555,,,,,
673,,arjun.das@example.com,pass666,,,,,
674,,divya.joshi@example.com,pass777,,,,,
675,,siddharth.rao@example.com,pass888,,,,,
676,,neha.kapoor@example.com,pass999,,,,,
677,,raj.malhotra@example.com,pass101,,,,,
678,,simran.kaur@example.com,pass202,,,,,
679,,yash.thakur@example.com,pass303,,,,,
680,,aarti.mishra@example.com,pass404,,,,,
681,,kabir.sinha@example.com,pass505,,,,,
682,,pass123,Mathematics,Student,,,,
683,,pass456,Physics,Researcher,,,,
684,,pass789,Chemistry,Teacher,,,,
685,,pass321,Biology,Student,,,,
686,,pass654,Computer Science,Student,,,,
687,,pass987,Machine Learning,Researcher,,,,
688,,pass111,Artificial Intelligence,Teacher,,,,
689,,pass222,Robotics,Student,,,,
690,,pass333,Data Science,Researcher,,,,
691,,pass444,Mathematics,Teacher,,,,
692,,pass555,Astrophysics,Student,,,,
693,,pass666,Programming,Student,,,,
694,,pass777,Physics,Researcher,,,,
695,,pass888,Electronics,Student,,,,
696,,pass999,Coding,Student,,,,
697,,pass101,AI Ethics,Researcher,,,,
698,,pass202,Educational Tech,Teacher,,,,
699,,pass303,Deep Learning,Student,,,,
700,,pass404,Online Learning,Teacher,,,,
701,,pass505,Cognitive Science,Researcher,,,,
702,,ananya.sharma@example.com,pass123,,,,,
703,,rohit.verma@example.com,pass456,,,,,
704,,priya.iyer@example.com,pass789,,,,,
705,,aman.gupta@example.com,pass321,,,,,
706,,sneha.reddy@example.com,pass654,,,,,
707,,nikhil.jain@example.com,pass987,,,,,
708,,kavya.mehta@example.com,pass111,,,,,
709,,aditya.singh@example.com,pass222,,,,,
710,,meera.nair@example.com,pass333,,,,,
711,,ravi.kumar@example.com,pass444,,,,,
712,,isha.patel@example.com,pass555,,,,,
713,,arjun.das@example.com,pass666,,,,,
714,,divya.joshi@example.com,pass777,,,,,
715,,siddharth.rao@example.com,pass888,,,,,
716,,neha.kapoor@example.com,pass999,,,,,
717,,raj.malhotra@example.com,pass101,,,,,
718,,simran.kaur@example.com,pass202,,,,,
719,,yash.thakur@example.com,pass303,,,,,
720,,aarti.mishra@example.com,pass404,,,,,
721,,kabir.sinha@example.com,pass505,,,,,
722,,pass123,Mathematics,Student,,,,
723,,pass456,Physics,Researcher,,,,
724,,pass789,Chemistry,Teacher,,,,
725,,pass321,Biology,Student,,,,
726,,pass654,Computer Science,Student,,,,
727,,pass987,Machine Learning,Researcher,,,,
728,,pass111,Artificial Intelligence,Teacher,,,,
729,,pass222,Robotics,Student,,,,
730,,pass333,Data Science,Researcher,,,,
731,,pass444,Mathematics,Teacher,,,,
732,,pass555,Astrophysics,Student,,,,
733,,pass666,Programming,Student,,,,
734,,pass777,Physics,Researcher,,,,
735,,pass888,Electronics,Student,,,,
736,,pass999,Coding,Student,,,,
737,,pass101,AI Ethics,Researcher,,,,
738,,pass202,Educational Tech,Teacher,,,,
739,,pass303,Deep Learning,Student,,,,
740,,pass404,Online Learning,Teacher,,,,
741,,pass505,Cognitive Science,Researcher,,,,
742,,ananya.sharma@example.com,pass123,,,,,
743,,rohit.verma@example.com,pass456,,,,,
744,,priya.iyer@example.com,pass789,,,,,
745,,aman.gupta@example.com,pass321,,,,,
746,,sneha.reddy@example.com,pass654,,,,,
747,,nikhil.jain@example.com,pass987,,,,,
748,,kavya.mehta@example.com,pass111,,,,,
749,,aditya.singh@example.com,pass222,,,,,
750,,meera.nair@example.com,pass333,,,,,
751,,ravi.kumar@example.com,pass444,,,,,
752,,isha.patel@example.com,pass555,,,,,
753,,arjun.das@example.com,pass666,,,,,
754,,divya.joshi@example.com,pass777,,,,,
755,,siddharth.rao@example.com,pass888,,,,,
756,,neha.kapoor@example.com,pass999,,,,,
757,,raj.malhotra@example.com,pass101,,,,,
758,,simran.kaur@example.com,pass202,,,,,
759,,yash.thakur@example.com,pass303,,,,,
760,,aarti.mishra@example.com,pass404,,,,,
761,,kabir.sinha@example.com,pass505,,,,,
762,,pass123,Mathematics,Student,,,,
763,,pass456,Physics,Researcher,,,,
764,,pass789,Chemistry,Teacher,,,,
765,,pass321,Biology,Student,,,,
766,,pass654,Computer Science,Student,,,,
767,,pass987,Machine Learning,Researcher,,,,
768,,pass111,Artificial Intelligence,Teacher,,,,
769,,pass222,Robotics,Student,,,,
770,,pass333,Data Science,Researcher,,,,
771,,pass444,Mathematics,Teacher,,,,
772,,pass555,Astrophysics,Student,,,,
773,,pass666,Programming,Student,,,,
774,,pass777,Physics,Researcher,,,,
775,,pass888,Electronics,Student,,,,
776,,pass999,Coding,Student,,,,
777,,pass101,AI Ethics,Researcher,,,,
778,,pass202,Educational Tech,Teacher,,,,
779,,pass303,Deep Learning,Student,,,,
780,,pass404,Online Learning,Teacher,,,,
781,,pass505,Cognitive Science,Researcher,,,,
782,,ananya.sharma@example.com,pass123,,,,,
783,,rohit.verma@example.com,pass456,,,,,
784,,priya.iyer@example.com,pass789,,,,,
785,,aman.gupta@example.com,pass321,,,,,
786,,sneha.reddy@example.com,pass654,,,,,
787,,nikhil.jain@example.com,pass987,,,,,
788,,kavya.mehta@example.com,pass111,,,,,
789,,aditya.singh@example.com,pass222,,,,,
790,,meera.nair@example.com,pass333,,,,,
791,,ravi.kumar@example.com,pass444,,,,,
792,,isha.patel@example.com,pass555,,,,,
793,,arjun.das@example.com,pass666,,,,,
794,,divya.joshi@example.com,pass777,,,,,
795,,siddharth.rao@example.com,pass888,,,,,
796,,neha.kapoor@example.com,pass999,,,,,
797,,raj.malhotra@example.com,pass101,,,,,
798,,simran.kaur@example.com,pass202,,,,,
799,,yash.thakur@example.com,pass303,,,,,
800,,aarti.mishra@example.com,pass404,,,,,
801,,kabir.sinha@example.com,pass505,,,,,
802,,pass123,Mathematics,Student,,,,
803,,pass456,Physics,Researcher,,,,
804,,pass789,Chemistry,Teacher,,,,
805,,pass321,Biology,Student,,,,
806,,pass654,Computer Science,Student,,,,
807,,pass987,Machine Learning,Researcher,,,,
808,,pass111,Artificial Intelligence,Teacher,,,,
809,,pass222,Robotics,Student,,,,
810,,pass333,Data Science,Researcher,,,,
811,,pass444,Mathematics,Teacher,,,,
812,,pass555,Astrophysics,Student,,,,
813,,pass666,Programming,Student,,,,
814,,pass777,Physics,Researcher,,,,
815,,pass888,Electronics,Student,,,,
816,,pass999,Coding,Student,,,,
817,,pass101,AI Ethics,Researcher,,,,
818,,pass202,Educational Tech,Teacher,,,,
819,,pass303,Deep Learning,Student,,,,
820,,pass404,Online Learning,Teacher,,,,
821,,pass505,Cognitive Science,Researcher,,,,
822,,ananya.sharma@example.com,pass123,,,,,
823,,rohit.verma@example.com,pass456,,,,,
824,,priya.iyer@example.com,pass789,,,,,
825,,aman.gupta@example.com,pass321,,,,,
826,,sneha.reddy@example.com,pass654,,,,,
827,,nikhil.jain@example.com,pass987,,,,,
828,,kavya.mehta@example.com,pass111,,,,,
829,,aditya.singh@example.com,pass222,,,,,
830,,meera.nair@example.com,pass333,,,,,
831,,ravi.kumar@example.com,pass444,,,,,
832,,isha.patel@example.com,pass555,,,,,
833,,arjun.das@example.com,pass666,,,,,
834,,divya.joshi@example.com,pass777,,,,,
835,,siddharth.rao@example.com,pass888,,,,,
836,,neha.kapoor@example.com,pass999,,,,,
837,,raj.malhotra@example.com,pass101,,,,,
838,,simran.kaur@example.com,pass202,,,,,
839,,yash.thakur@example.com,pass303,,,,,
840,,aarti.mishra@example.com,pass404,,,,,
841,,kabir.sinha@example.com,pass505,,,,,
842,,pass123,Mathematics,Student,,,,
843,,pass456,Physics,Researcher,,,,
844,,pass789,Chemistry,Teacher,,,,
845,,pass321,Biology,Student,,,,
846,,pass654,Computer Science,Student,,,,
847,,pass987,Machine Learning,Researcher,,,,
848,,pass111,Artificial Intelligence,Teacher,,,,
849,,pass222,Robotics,Student,,,,
850,,pass333,Data Science,Researcher,,,,
851,,pass444,Mathematics,Teacher,,,,
852,,pass555,Astrophysics,Student,,,,
853,,pass666,Programming,Student,,,,
854,,pass777,Physics,Researcher,,,,
855,,pass888,Electronics,Student,,,,
856,,pass999,Coding,Student,,,,
857,,pass101,AI Ethics,Researcher,,,,
858,,pass202,Educational Tech,Teacher,,,,
859,,pass303,Deep Learning,Student,,,,
860,,pass404,Online Learning,Teacher,,,,
861,,pass505,Cognitive Science,Researcher,,,,
862,,ananya.sharma@example.com,pass123,,,,,
863,,rohit.verma@example.com,pass456,,,,,
864,,priya.iyer@example.com,pass789,,,,,
865,,aman.gupta@example.com,pass321,,,,,
866,,sneha.reddy@example.com,pass654,,,,,
867,,nikhil.jain@example.com,pass987,,,,,
868,,kavya.mehta@example.com,pass111,,,,,
869,,aditya.singh@example.com,pass222,,,,,
870,,meera.nair@example.com,pass333,,,,,
871,,ravi.kumar@example.com,pass444,,,,,
872,,isha.patel@example.com,pass555,,,,,
873,,arjun.das@example.com,pass666,,,,,
874,,divya.joshi@example.com,pass777,,,,,
875,,siddharth.rao@example.com,pass888,,,,,
876,,neha.kapoor@example.com,pass999,,,,,
877,,raj.malhotra@example.com,pass101,,,,,
878,,simran.kaur@example.com,pass202,,,,,
879,,yash.thakur@example.com,pass303,,,,,
880,,aarti.mishra@example.com,pass404,,,,,
881,,kabir.sinha@example.com,pass505,,,,,
882,,pass123,Mathematics,Student,,,,
883,,pass456,Physics,Researcher,,,,
884,,pass789,Chemistry,Teacher,,,,
885,,pass321,Biology,Student,,,,
886,,pass654,Computer Science,Student,,,,
887,,pass987,Machine Learning,Researcher,,,,
888,,pass111,Artificial Intelligence,Teacher,,,,
889,,pass222,Robotics,Student,,,,
890,,pass333,Data Science,Researcher,,,,
891,,pass444,Mathematics,Teacher,,,,
892,,pass555,Astrophysics,Student,,,,
893,,pass666,Programming,Student,,,,
894,,pass777,Physics,Researcher,,,,
895,,pass888,Electronics,Student,,,,
896,,pass999,Coding,Student,,,,
897,,pass101,AI Ethics,Researcher,,,,
898,,pass202,Educational Tech,Teacher,,,,
899,,pass303,Deep Learning,Student,,,,
900,,pass404,Online Learning,Teacher,,,,
901,,pass505,Cognitive Science,Researcher,,,,
902,,ananya.sharma@example.com,pass123,,,,,
903,,rohit.verma@example.com,pass456,,,,,
904,,priya.iyer@example.com,pass789,,,,,
905,,aman.gupta@example.com,pass321,,,,,
906,,sneha.reddy@example.com,pass654,,,,,
907,,nikhil.jain@example.com,pass987,,,,,
908,,kavya.mehta@example.com,pass111,,,,,
909,,aditya.singh@example.com,pass222,,,,,
910,,meera.nair@example.com,pass333,,,,,
911,,ravi.kumar@example.com,pass444,,,,,
912,,isha.patel@example.com,pass555,,,,,
913,,arjun.das@example.com,pass666,,,,,
914,,divya.joshi@example.com,pass777,,,,,
915,,siddharth.rao@example.com,pass888,,,,,
916,,neha.kapoor@example.com,pass999,,,,,
917,,raj.malhotra@example.com,pass101,,,,,
918,,simran.kaur@example.com,pass202,,,,,
919,,yash.thakur@example.com,pass303,,,,,
920,,aarti.mishra@example.com,pass404,,,,,
921,,kabir.sinha@example.com,pass505,,,,,
922,,pass123,Mathematics,Student,,,,
923,,pass456,Physics,Researcher,,,,
924,,pass789,Chemistry,Teacher,,,,
925,,pass321,Biology,Student,,,,
926,,pass654,Computer Science,Student,,,,
927,,pass987,Machine Learning,Researcher,,,,
928,,pass111,Artificial Intelligence,Teacher,,,,
929,,pass222,Robotics,Student,,,,
930,,pass333,Data Science,Researcher,,,,
931,,pass444,Mathematics,Teacher,,,,
932,,pass555,Astrophysics,Student,,,,
933,,pass666,Programming,Student,,,,
934,,pass777,Physics,Researcher,,,,
935,,pass888,Electronics,Student,,,,
936,,pass999,Coding,Student,,,,
937,,pass101,AI Ethics,Researcher,,,,
938,,pass202,Educational Tech,Teacher,,,,
939,,pass303,Deep Learning,Student,,,,
940,,pass404,Online Learning,Teacher,,,,
941,,pass505,Cognitive Science,Researcher,,,,
942,,ananya.sharma@example.com,pass123,,,,,
943,,rohit.verma@example.com,pass456,,,,,
944,,priya.iyer@example.com,pass789,,,,,
945,,aman.gupta@example.com,pass321,,,,,
946,,sneha.reddy@example.com,pass654,,,,,
947,,nikhil.jain@example.com,pass987,,,,,
948,,kavya.mehta@example.com,pass111,,,,,
949,,aditya.singh@example.com,pass222,,,,,
950,,meera.nair@example.com,pass333,,,,,
951,,ravi.kumar@example.com,pass444,,,,,
952,,isha.patel@example.com,pass555,,,,,
953,,arjun.das@example.com,pass666,,,,,
954,,divya.joshi@example.com,pass777,,,,,
955,,siddharth.rao@example.com,pass888,,,,,
956,,neha.kapoor@example.com,pass999,,,,,
957,,raj.malhotra@example.com,pass101,,,,,
958,,simran.kaur@example.com,pass202,,,,,
959,,yash.thakur@example.com,pass303,,,,,
960,,aarti.mishra@example.com,pass404,,,,,
961,,kabir.sinha@example.com,pass505,,,,,
962,,pass123,Mathematics,Student,,,,
963,,pass456,Physics,Researcher,,,,
964,,pass789,Chemistry,Teacher,,,,
965,,pass321,Biology,Student,,,,
966,,pass654,Computer Science,Student,,,,
967,,pass987,Machine Learning,Researcher,,,,
968,,pass111,Artificial Intelligence,Teacher,,,,
969,,pass222,Robotics,Student,,,,
970,,pass333,Data Science,Researcher,,,,
971,,pass444,Mathematics,Teacher,,,,
972,,pass555,Astrophysics,Student,,,,
973,,pass666,Programming,Student,,,,
974,,pass777,Physics,Researcher,,,,
975,,pass888,Electronics,Student,,,,
976,,pass999,Coding,Student,,,,
977,,pass101,AI Ethics,Researcher,,,,
978,,pass202,Educational Tech,Teacher,,,,
979,,pass303,Deep Learning,Student,,,,
980,,pass404,Online Learning,Teacher,,,,
981,,pass505,Cognitive Science,Researcher,,,,
982,,ananya.sharma@example.com,pass123,,,,,
983,,rohit.verma@example.com,pass456,,,,,
984,,priya.iyer@example.com,pass789,,,,,
985,,aman.gupta@example.com,pass321,,,,,
986,,sneha.reddy@example.com,pass654,,,,,
987,,nikhil.jain@example.com,pass987,,,,,
988,,kavya.mehta@example.com,pass111,,,,,
989,,aditya.singh@example.com,pass222,,,,,
990,,meera.nair@example.com,pass333,,,,,
991,,ravi.kumar@example.com,pass444,,,,,
992,,isha.patel@example.com,pass555,,,,,
993,,arjun.das@example.com,pass666,,,,,
994,,divya.joshi@example.com,pass777,,,,,
995,,siddharth.rao@example.com,pass888,,,,,
996,,neha.kapoor@example.com,pass999,,,,,
997,,raj.malhotra@example.com,pass101,,,,,
998,,simran.kaur@example.com,pass202,,,,,
999,,yash.thakur@example.com,pass303,,,,,
1000,,aarti.mishra@example.com,pass404,,,,,
1001,,kabir.sinha@example.com,pass505,,,,,
1002,,pass123,Mathematics,Student,,,,
1003,,pass456,Physics,Researcher,,,,
1004,,pass789,Chemistry,Teacher,,,,
1005,,pass321,Biology,Student,,,,
1006,,pass654,Computer Science,Student,,,,
1007,,pass987,Machine Learning,Researcher,,,,
1008,,pass111,Artificial Intelligence,Teacher,,,,
1009,,pass222,Robotics,Student,,,,
1010,,pass333,Data Science,Researcher,,,,
1011,,pass444,Mathematics,Teacher,,,,
1012,,pass555,Astrophysics,Student,,,,
1013,,pass666,Programming,Student,,,,
1014,,pass777,Physics,Researcher,,,,
1015,,pass888,Electronics,Student,,,,
1016,,pass999,Coding,Student,,,,
1017,,pass101,AI Ethics,Researcher,,,,
1018,,pass202,Educational Tech,Teacher,,,,
1019,,pass303,Deep Learning,Student,,,,
1020,,pass404,Online Learning,Teacher,,,,
1021,,pass505,Cognitive Science,Researcher,,,,
1022,,ananya.sharma@example.com,pass123,,,,,
1023,,rohit.verma@example.com,pass456,,,,,
1024,,priya.iyer@example.com,pass789,,,,,
1025,,aman.gupta@example.com,pass321,,,,,
1026,,sneha.reddy@example.com,pass654,,,,,
1027,,nikhil.jain@example.com,pass987,,,,,
1028,,kavya.mehta@example.com,pass111,,,,,
1029,,aditya.singh@example.com,pass222,,,,,
1030,,meera.nair@example.com,pass333,,,,,
1031,,ravi.kumar@example.com,pass444,,,,,
1032,,isha.patel@example.com,pass555,,,,,
1033,,arjun.das@example.com,pass666,,,,,
1034,,divya.joshi@example.com,pass777,,,,,
1035,,siddharth.rao@example.com,pass888,,,,,
1036,,neha.kapoor@example.com,pass999,,,,,
1037,,raj.malhotra@example.com,pass101,,,,,
1038,,simran.kaur@example.com,pass202,,,,,
1039,,yash.thakur@example.com,pass303,,,,,
1040,,aarti.mishra@example.com,pass404,,,,,
1041,,kabir.sinha@example.com,pass505,,,,,
1042,,pass123,Mathematics,Student,,,,
1043,,pass456,Physics,Researcher,,,,
1044,,pass789,Chemistry,Teacher,,,,
1045,,pass321,Biology,Student,,,,
1046,,pass654,Computer Science,Student,,,,
1047,,pass987,Machine Learning,Researcher,,,,
1048,,pass111,Artificial Intelligence,Teacher,,,,
1049,,pass222,Robotics,Student,,,,
1050,,pass333,Data Science,Researcher,,,,
1051,,pass444,Mathematics,Teacher,,,,
1052,,pass555,Astrophysics,Student,,,,
1053,,pass666,Programming,Student,,,,
1054,,pass777,Physics,Researcher,,,,
1055,,pass888,Electronics,Student,,,,
1056,,pass999,Coding,Student,,,,
1057,,pass101,AI Ethics,Researcher,,,,
1058,,pass202,Educational Tech,Teacher,,,,
1059,,pass303,Deep Learning,Student,,,,
1060,,pass404,Online Learning,Teacher,,,,
1061,,pass505,Cognitive Science,Researcher,,,,
1062,,ananya.sharma@example.com,pass123,,,,,
1063,,rohit.verma@example.com,pass456,,,,,
1064,,priya.iyer@example.com,pass789,,,,,
1065,,aman.gupta@example.com,pass321,,,,,
1066,,sneha.reddy@example.com,pass654,,,,,
1067,,nikhil.jain@example.com,pass987,,,,,
1068,,kavya.mehta@example.com,pass111,,,,,
1069,,aditya.singh@example.com,pass222,,,,,
1070,,meera.nair@example.com,pass333,,,,,
1071,,ravi.kumar@example.com,pass444,,,,,
1072,,isha.patel@example.com,pass555,,,,,
1073,,arjun.das@example.com,pass666,,,,,
1074,,divya.joshi@example.com,pass777,,,,,
1075,,siddharth.rao@example.com,pass888,,,,,
1076,,neha.kapoor@example.com,pass999,,,,,
1077,,raj.malhotra@example.com,pass101,,,,,
1078,,simran.kaur@example.com,pass202,,,,,
1079,,yash.thakur@example.com,pass303,,,,,
1080,,aarti.mishra@example.com,pass404,,,,,
1081,,kabir.sinha@example.com,pass505,,,,,
1082,,pass123,Mathematics,Student,,,,
1083,,pass456,Physics,Researcher,,,,
1084,,pass789,Chemistry,Teacher,,,,
1085,,pass321,Biology,Student,,,,
1086,,pass654,Computer Science,Student,,,,
1087,,pass987,Machine Learning,Researcher,,,,
1088,,pass111,Artificial Intelligence,Teacher,,,,
1089,,pass222,Robotics,Student,,,,
1090,,pass333,Data Science,Researcher,,,,
1091,,pass444,Mathematics,Teacher,,,,
1092,,pass555,Astrophysics,Student,,,,
1093,,pass666,Programming,Student,,,,
1094,,pass777,Physics,Researcher,,,,
1095,,pass888,Electronics,Student,,,,
1096,,pass999,Coding,Student,,,,
1097,,pass101,AI Ethics,Researcher,,,,
1098,,pass202,Educational Tech,Teacher,,,,
1099,,pass303,Deep Learning,Student,,,,
1100,,pass404,Online Learning,Teacher,,,,
1101,,pass505,Cognitive Science,Researcher,,,,
1102,,ananya.sharma@example.com,pass123,,,,,
1103,,rohit.verma@example.com,pass456,,,,,
1104,,priya.iyer@example.com,pass789,,,,,
1105,,aman.gupta@example.com,pass321,,,,,
1106,,sneha.reddy@example.com,pass654,,,,,
1107,,nikhil.jain@example.com,pass987,,,,,
1108,,kavya.mehta@example.com,pass111,,,,,
1109,,aditya.singh@example.com,pass222,,,,,
1110,,meera.nair@example.com,pass333,,,,,
1111,,ravi.kumar@example.com,pass444,,,,,
1112,,isha.patel@example.com,pass555,,,,,
1113,,arjun.das@example.com,pass666,,,,,
1114,,divya.joshi@example.com,pass777,,,,,
1115,,siddharth.rao@example.com,pass888,,,,,
1116,,neha.kapoor@example.com,pass999,,,,,
1117,,raj.malhotra@example.com,pass101,,,,,
1118,,simran.kaur@example.com,pass202,,,,,
1119,,yash.thakur@example.com,pass303,,,,,
1120,,aarti.mishra@example.com,pass404,,,,,
1121,,kabir.sinha@example.com,pass505,,,,,
1122,,pass123,Mathematics,Student,,,,
1123,,pass456,Physics,Researcher,,,,
1124,,pass789,Chemistry,Teacher,,,,
1125,,pass321,Biology,Student,,,,
1126,,pass654,Computer Science,Student,,,,
1127,,pass987,Machine Learning,Researcher,,,,
1128,,pass111,Artificial Intelligence,Teacher,,,,
1129,,pass222,Robotics,Student,,,,
1130,,pass333,Data Science,Researcher,,,,
1131,,pass444,Mathematics,Teacher,,,,
1132,,pass555,Astrophysics,Student,,,,
1133,,pass666,Programming,Student,,,,
1134,,pass777,Physics,Researcher,,,,
1135,,pass888,Electronics,Student,,,,
1136,,pass999,Coding,Student,,,,
1137,,pass101,AI Ethics,Researcher,,,,
1138,,pass202,Educational Tech,Teacher,,,,
1139,,pass303,Deep Learning,Student,,,,
1140,,pass404,Online Learning,Teacher,,,,
1141,,pass505,Cognitive Science,Researcher,,,,
1142,,ananya.sharma@example.com,pass123,,,,,
1143,,rohit.verma@example.com,pass456,,,,,
1144,,priya.iyer@example.com,pass789,,,,,
1145,,aman.gupta@example.com,pass321,,,,,
1146,,sneha.reddy@example.com,pass654,,,,,
1147,,nikhil.jain@example.com,pass987,,,,,
1148,,kavya.mehta@example.com,pass111,,,,,
1149,,aditya.singh@example.com,pass222,,,,,
1150,,meera.nair@example.com,pass333,,,,,
1151,,ravi.kumar@example.com,pass444,,,,,
1152,,isha.patel@example.com,pass555,,,,,
1153,,arjun.das@example.com,pass666,,,,,
1154,,divya.joshi@example.com,pass777,,,,,
1155,,siddharth.rao@example.com,pass888,,,,,
1156,,neha.kapoor@example.com,pass999,,,,,
1157,,raj.malhotra@example.com,pass101,,,,,
1158,,simran.kaur@example.com,pass202,,,,,
1159,,yash.thakur@example.com,pass303,,,,,
1160,,aarti.mishra@example.com,pass404,,,,,
1161,,kabir.sinha@example.com,pass505,,,,,
1162,,pass123,Mathematics,Student,,,,
1163,,pass456,Physics,Researcher,,,,
1164,,pass789,Chemistry,Teacher,,,,
1165,,pass321,Biology,Student,,,,
1166,,pass654,Computer Science,Student,,,,
1167,,pass987,Machine Learning,Researcher,,,,
1168,,pass111,Artificial Intelligence,Teacher,,,,
1169,,pass222,Robotics,Student,,,,
1170,,pass333,Data Science,Researcher,,,,
1171,,pass444,Mathematics,Teacher,,,,
1172,,pass555,Astrophysics,Student,,,,
1173,,pass666,Programming,Student,,,,
1174,,pass777,Physics,Researcher,,,,
1175,,pass888,Electronics,Student,,,,
1176,,pass999,Coding,Student,,,,
1177,,pass101,AI Ethics,Researcher,,,,
1178,,pass202,Educational Tech,Teacher,,,,
1179,,pass303,Deep Learning,Student,,,,
1180,,pass404,Online Learning,Teacher,,,,
1181,,pass505,Cognitive Science,Researcher,,,,
1182,,ananya.sharma@example.com,pass123,,,,,
1183,,rohit.verma@example.com,pass456,,,,,
1184,,priya.iyer@example.com,pass789,,,,,
1185,,aman.gupta@example.com,pass321,,,,,
1186,,sneha.reddy@example.com,pass654,,,,,
1187,,nikhil.jain@example.com,pass987,,,,,
1188,,kavya.mehta@example.com,pass111,,,,,
1189,,aditya.singh@example.com,pass222,,,,,
1190,,meera.nair@example.com,pass333,,,,,
1191,,ravi.kumar@example.com,pass444,,,,,
1192,,isha.patel@example.com,pass555,,,,,
1193,,arjun.das@example.com,pass666,,,,,
1194,,divya.joshi@example.com,pass777,,,,,
1195,,siddharth.rao@example.com,pass888,,,,,
1196,,neha.kapoor@example.com,pass999,,,,,
1197,,raj.malhotra@example.com,pass101,,,,,
1198,,simran.kaur@example.com,pass202,,,,,
1199,,yash.thakur@example.com,pass303,,,,,
1200,,aarti.mishra@example.com,pass404,,,,,
1201,,kabir.sinha@example.com,pass505,,,,,
1202,,pass123,Mathematics,Student,,,,
1203,,pass456,Physics,Researcher,,,,
1204,,pass789,Chemistry,Teacher,,,,
1205,,pass321,Biology,Student,,,,
1206,,pass654,Computer Science,Student,,,,
1207,,pass987,Machine Learning,Researcher,,,,
1208,,pass111,Artificial Intelligence,Teacher,,,,
1209,,pass222,Robotics,Student,,,,
1210,,pass333,Data Science,Researcher,,,,
1211,,pass444,Mathematics,Teacher,,,,
1212,,pass555,Astrophysics,Student,,,,
1213,,pass666,Programming,Student,,,,
1214,,pass777,Physics,Researcher,,,,
1215,,pass888,Electronics,Student,,,,
1216,,pass999,Coding,Student,,,,
1217,,pass101,AI Ethics,Researcher,,,,
1218,,pass202,Educational Tech,Teacher,,,,
1219,,pass303,Deep Learning,Student,,,,
1220,,pass404,Online Learning,Teacher,,,,
1221,,pass505,Cognitive Science,Researcher,,,,
1222,,ananya.sharma@example.com,pass123,,,,,
1223,,rohit.verma@example.com,pass456,,,,,
1224,,priya.iyer@example.com,pass789,,,,,
1225,,aman.gupta@example.com,pass321,,,,,
1226,,sneha.reddy@example.com,pass654,,,,,
1227,,nikhil.jain@example.com,pass987,,,,,
1228,,kavya.mehta@example.com,pass111,,,,,
1229,,aditya.singh@example.com,pass222,,,,,
1230,,meera.nair@example.com,pass333,,,,,
1231,,ravi.kumar@example.com,pass444,,,,,
1232,,isha.patel@example.com,pass555,,,,,
1233,,arjun.das@example.com,pass666,,,,,
1234,,divya.joshi@example.com,pass777,,,,,
1235,,siddharth.rao@example.com,pass888,,,,,
1236,,neha.kapoor@example.com,pass999,,,,,
1237,,raj.malhotra@example.com,pass101,,,,,
1238,,simran.kaur@example.com,pass202,,,,,
1239,,yash.thakur@example.com,pass303,,,,,
1240,,aarti.mishra@example.com,pass404,,,,,
1241,,kabir.sinha@example.com,pass505,,,,,
1242,,pass123,Mathematics,Student,,,,
1243,,pass456,Physics,Researcher,,,,
1244,,pass789,Chemistry,Teacher,,,,
1245,,pass321,Biology,Student,,,,
1246,,pass654,Computer Science,Student,,,,
1247,,pass987,Machine Learning,Researcher,,,,
1248,,pass111,Artificial Intelligence,Teacher,,,,
1249,,pass222,Robotics,Student,,,,
1250,,pass333,Data Science,Researcher,,,,
1251,,pass444,Mathematics,Teacher,,,,
1252,,pass555,Astrophysics,Student,,,,
1253,,pass666,Programming,Student,,,,
1254,,pass777,Physics,Researcher,,,,
1255,,pass888,Electronics,Student,,,,
1256,,pass999,Coding,Student,,,,
1257,,pass101,AI Ethics,Researcher,,,,
1258,,pass202,Educational Tech,Teacher,,,,
1259,,pass303,Deep Learning,Student,,,,
1260,,pass404,Online Learning,Teacher,,,,
1261,,pass505,Cognitive Science,Researcher,,,,
1262,,ananya.sharma@example.com,pass123,,,,,
1263,,rohit.verma@example.com,pass456,,,,,
1264,,priya.iyer@example.com,pass789,,,,,
1265,,aman.gupta@example.com,pass321,,,,,
1266,,sneha.reddy@example.com,pass654,,,,,
1267,,nikhil.jain@example.com,pass987,,,,,
1268,,kavya.mehta@example.com,pass111,,,,,
1269,,aditya.singh@example.com,pass222,,,,,
1270,,meera.nair@example.com,pass333,,,,,
1271,,ravi.kumar@example.com,pass444,,,,,
1272,,isha.patel@example.com,pass555,,,,,
1273,,arjun.das@example.com,pass666,,,,,
1274,,divya.joshi@example.com,pass777,,,,,
1275,,siddharth.rao@example.com,pass888,,,,,
1276,,neha.kapoor@example.com,pass999,,,,,
1277,,raj.malhotra@example.com,pass101,,,,,
1278,,simran.kaur@example.com,pass202,,,,,
1279,,yash.thakur@example.com,pass303,,,,,
1280,,aarti.mishra@example.com,pass404,,,,,
1281,,kabir.sinha@example.com,pass505,,,,,